Object No.,ñ êœ,é¸àÕí∑,â~å`ìx,ècâ°î‰
1,85583.0,1886.0285588502884,0.30234364232645583,0.5313807531380753
2,90742.5,2253.9768240451813,0.22445108634141436,0.5836820083682008
